{
    "ablation": {
        "imp": {
            "-source-": 0,
            "-target-": 0,
            "x1": 1.029316083933068,
            "x2": -0.02931608393306813
        },
        "order": [
            "-source-",
            "x1",
            "x2",
            "-target-"
        ],
        "perf": {
            "-source-": 62.693766143827844,
            "-target-": 17.562533335766748,
            "x1": 16.23946232676279,
            "x2": 17.562533335766748
        },
        "var": {
            "-source-": 716.0221721850983,
            "-target-": 669.8825421949155,
            "x1": 661.8959569018156,
            "x2": 669.8825421949155
        }
    },
    "fanova": {
        "imp": {
            "['x2', 'x1']": 0.5336371143743617,
            "x1": 0.1743610512574673,
            "x2": 0.2920018343681706
        },
        "order": [
            "x2",
            "x1",
            "['x2', 'x1']"
        ]
    },
    "forward-selection": {
        "imp": {
            "None": 44.95986159692352
        },
        "order": [
            "None"
        ]
    },
    "lpi": {
        "imp": {
            "x1": 0.36539571088305944,
            "x2": 0.6346042891169407
        },
        "order": [
            "x1",
            "x2"
        ]
    }
}