{
    "forward-selection": {
        "imp": {
            "None": 1.1089813567286864,
            "sp-resolution": 1.0742997022894167
        },
        "order": [
            "None",
            "sp-resolution"
        ]
    }
}