{
    "ablation": {
        "imp": {
            "-source-": 0,
            "-target-": 0,
            "x1": 0.9206077201295941,
            "x2": 0.07939227987040588
        },
        "order": [
            "-source-",
            "x1",
            "x2",
            "-target-"
        ],
        "perf": {
            "-source-": 51.8384035965309,
            "-target-": 3.3065073561185745,
            "x1": 7.159565245078889,
            "x2": 3.3065073561185745
        },
        "var": {
            "-source-": 653.9199244436572,
            "-target-": 11.011545308551861,
            "x1": 2.7793678075161674,
            "x2": 11.011545308551861
        }
    },
    "fanova": {
        "imp": {
            "['x2', 'x1']": 0.6340438471455246,
            "x1": 0.11111822530582871,
            "x2": 0.2548379275486479
        },
        "order": [
            "x2",
            "x1",
            "['x2', 'x1']"
        ]
    },
    "forward-selection": {
        "imp": {
            "None": 33.78670621035961
        },
        "order": [
            "None"
        ]
    },
    "lpi": {
        "imp": {
            "x1": 0.5088724989695761,
            "x2": 0.4911275010304238
        },
        "order": [
            "x2",
            "x1"
        ]
    }
}