{"cpu_time": 0.1, "wallclock_time": 0.1, "evaluations": 0, "cost": 119461.8691792453, "incumbent": {"x0": -4.184124336816659, "x1": -17.05247187812783}, "budget": 0, "origin": null}
{"cpu_time": 0.1, "wallclock_time": 0.1, "evaluations": 0, "cost": 67711.54758153067, "incumbent": {"x0": -3.826088086784278, "x1": -11.378016811374756}, "budget": 0, "origin": null}
{"cpu_time": 0.1, "wallclock_time": 0.1, "evaluations": 0, "cost": 13403.096406834358, "incumbent": {"x0": -0.7200526736172286, "x1": -11.0574205814607}, "budget": 0, "origin": null}
{"cpu_time": 0.1, "wallclock_time": 0.1, "evaluations": 0, "cost": 12664.7113367335, "incumbent": {"x0": 0.7407627455142602, "x1": -10.705000662151216}, "budget": 0, "origin": null}
{"cpu_time": 0.1, "wallclock_time": 0.1, "evaluations": 0, "cost": 11737.199747566832, "incumbent": {"x0": 0.4826165330307077, "x1": -10.600793509123882}, "budget": 0, "origin": null}
{"cpu_time": 0.1, "wallclock_time": 0.1, "evaluations": 0, "cost": 11052.55066024596, "incumbent": {"x0": 0.0394651655777735, "x1": -10.511114869365478}, "budget": 0, "origin": null}
{"cpu_time": 0.1, "wallclock_time": 0.1, "evaluations": 0, "cost": 5305.479881773341, "incumbent": {"x0": -0.4373817466120364, "x1": -7.09115133768422}, "budget": 0, "origin": null}
{"cpu_time": 0.1, "wallclock_time": 0.1, "evaluations": 0, "cost": 4899.395874103121, "incumbent": {"x0": -0.3130897769885408, "x1": -6.900311500607419}, "budget": 0, "origin": null}
{"cpu_time": 0.1, "wallclock_time": 0.1, "evaluations": 0, "cost": 4843.408652459871, "incumbent": {"x0": -0.4689162261903519, "x1": -6.738027415275493}, "budget": 0, "origin": null}
{"cpu_time": 0.1, "wallclock_time": 0.1, "evaluations": 0, "cost": 4429.946765718978, "incumbent": {"x0": -0.3049903292644913, "x1": -6.561485964016395}, "budget": 0, "origin": null}
{"cpu_time": 0.1, "wallclock_time": 0.1, "evaluations": 0, "cost": 3330.342485691709, "incumbent": {"x0": -0.1162364460078713, "x1": -5.7563214101763975}, "budget": 0, "origin": null}
{"cpu_time": 0.1, "wallclock_time": 0.1, "evaluations": 0, "cost": 2967.847802101219, "incumbent": {"x0": 0.3613697774258142, "x1": -5.31683324965546}, "budget": 0, "origin": null}
{"cpu_time": 0.1, "wallclock_time": 0.1, "evaluations": 0, "cost": 2690.7396613764004, "incumbent": {"x0": 0.2465345973298163, "x1": -5.125907449068265}, "budget": 0, "origin": null}
{"cpu_time": 0.1, "wallclock_time": 0.1, "evaluations": 0, "cost": 2549.998823979768, "incumbent": {"x0": 0.077909902077689, "x1": -5.042839408427351}, "budget": 0, "origin": null}
{"cpu_time": 0.1, "wallclock_time": 0.1, "evaluations": 0, "cost": 2528.60859885465, "incumbent": {"x0": -0.1551106931467245, "x1": -5.003141005204867}, "budget": 0, "origin": null}
{"cpu_time": 0.1, "wallclock_time": 0.1, "evaluations": 0, "cost": 1952.6509627289636, "incumbent": {"x0": -0.1560562232052014, "x1": -4.393015012086334}, "budget": 0, "origin": null}
{"cpu_time": 0.1, "wallclock_time": 0.1, "evaluations": 0, "cost": 1470.288450182817, "incumbent": {"x0": -0.2934810225698427, "x1": -3.746120651772152}, "budget": 0, "origin": null}
{"cpu_time": 0.1, "wallclock_time": 0.1, "evaluations": 0, "cost": 1030.7878942525274, "incumbent": {"x0": -0.2323202709989438, "x1": -3.1542499787828184}, "budget": 0, "origin": null}
{"cpu_time": 0.1, "wallclock_time": 0.1, "evaluations": 0, "cost": 339.2625301793536, "incumbent": {"x0": -0.2403173173312893, "x1": -1.779974833161031}, "budget": 0, "origin": null}
{"cpu_time": 0.1, "wallclock_time": 0.1, "evaluations": 0, "cost": 68.01311681561812, "incumbent": {"x0": -0.2403173173312893, "x1": 0.8730727780680141}, "budget": 0, "origin": null}
