{
    "ablation": {
        "imp": {
            "-source-": 0,
            "-target-": 0,
            "x0": 0.5321428903286934,
            "x1": 0.46785710967130645
        },
        "order": [
            "-source-",
            "x1",
            "x0",
            "-target-"
        ],
        "perf": {
            "-source-": 1283600.0199307194,
            "-target-": 946.50911009132,
            "x0": 946.50911009132,
            "x1": 683501.4556484265
        },
        "var": {
            "-source-": 1947707506027.2192,
            "-target-": 191842.91221971833,
            "x0": 191842.91221971833,
            "x1": 1896659757042.7903
        }
    },
    "fanova": {
        "imp": {
            "['x0', 'x1']": 0.12822999830328663,
            "x0": 0.5423989119017081,
            "x1": 0.32937108979500523
        },
        "order": [
            "x0",
            "x1",
            "['x0', 'x1']"
        ]
    },
    "forward-selection": {
        "imp": {
            "None": 3205757.095834754,
            "x0": 1772911.2311552714
        },
        "order": [
            "None",
            "x0"
        ]
    },
    "lpi": {
        "imp": {
            "x0": 0.8136601712896383,
            "x1": 0.18633982871036173
        },
        "order": [
            "x1",
            "x0"
        ]
    }
}